no,name,line,trans,x,y,coporation,juso
1,대림,서울 도시철도 2호선,일반역,37.49307207,126.8957105,서울교통공사,서울 구로구 구로6동 125-66
2,구룡역,분당선,일반역,37.486985,127.059496,한국철도공사,서울시 강남구 개포동 175번지
3,개포동역,분당선,일반역,37.489112,127.066027,한국철도공사,서울시 강남구 개포동 지하 420(개포동)
4,수서역,분당선,환승역,37.487633,127.101118,한국철도공사,서울시 강남구 광평로 지하 270(수서동)
5,도곡역,분당선,환승역,37.490914,127.055393,한국철도공사,서울시 강남구 남부순환로 지하 2814
6,한티역,분당선,일반역,37.496208,127.052883,한국철도공사,서울시 강남구 선릉로 지하 228
7,선정릉역,분당선,환승역,37.510275,127.043817,한국철도공사,서울시 강남구 선릉로 지하 580(삼성동)
8,압구정로데오역,분당선,일반역,37.527385,127.040555,한국철도공사,서울시 강남구 압구정동 495(강남구 압구정로 지하 402)
9,대모산입구역,분당선,일반역,37.491347,127.072702,한국철도공사,서울시 강남구 일원동 611번지
10,선릉역,분당선,환승역,37.504479,127.048941,한국철도공사,서울시 강남구 테헤란로 지하 340
11,강남구청역,분당선,환승역,37.517172,127.041275,한국철도공사,서울시 강남구 학동로 지하 364
12,오류동역,경인선,일반역,37.4944,126.844551,한국철도공사,서울시 구로구 경인로 20길 13
13,개봉역,경인선,일반역,37.494698,126.858504,한국철도공사,서울시 구로구 경인로 40길 47
14,구로역,경부선,환승역,37.503178,126.882037,한국철도공사,서울시 구로구 구로중앙로 174
15,구일역,경인선,일반역,37.496273,126.869599,한국철도공사,서울시 구로구 구일로 133
16,온수역,경인선,환승역,37.492267,126.823399,한국철도공사,서울시 구로구 부일로 872
17,신도림역,경부선,환승역,37.508983,126.891513,한국철도공사,서울시 구로구 새말로 117-21
18,독산역,경부선,일반역,37.465994,126.889508,한국철도공사,서울시 금천구 벚꽃로 115
19,가산디지털단지역,경부선,환승역,37.481568,126.882628,한국철도공사,서울시 금천구 벚꽃로 309
20,금천구청역,경부선,환승역,37.45576,126.894344,한국철도공사,서울시 금천구 시흥대로 63길 91
21,광운대역,경원선,환승역,37.623635,127.061975,한국철도공사,서울시 노원구 석계로 98-2(광운대역)
22,월계역,경원선,일반역,37.633114,127.058835,한국철도공사,서울시 노원구 월계로 53길 40(월계2동 261)
23,석계역,경원선,환승역,37.615206,127.065594,한국철도공사,서울시 노원구 화랑로 314(월계동 36-4)
24,녹천역,경원선,일반역,37.644599,127.051406,한국철도공사,서울시 도봉구 덕릉로 376(창동)
25,방학역,경원선,일반역,37.667471,127.044295,한국철도공사,서울시 도봉구 도봉로 150다길 3
26,도봉역,경원선,일반역,37.679441,127.045521,한국철도공사,서울시 도봉구 도봉로 170길 2
27,도봉산역,경원선,환승역,37.689603,127.046347,한국철도공사,서울시 도봉구 도봉로 964-33
28,창동역,경원선,환승역,37.653181,127.047663,한국철도공사,서울시 도봉구 마들로 11길 77(창1동 135-86)
29,청량리역,경의중앙선,환승역,37.580543,127.046516,한국철도공사,서울시 동대문구 왕산로 214
30,신이문역,경원선,일반역,37.601829,127.067347,한국철도공사,서울시 동대문구 한천로 472(이문로 7)
31,회기역,경원선,환승역,37.589802,127.057936,한국철도공사,서울시 동대문구 회기로196(휘경동 317-101)
32,외대앞역,경원선,일반역,37.596157,127.063572,한국철도공사,서울시 동대문구 휘경로 27(이문동 360-5)
33,노량진역,경부선,환승역,37.514072,126.941671,한국철도공사,서울시 동작구 노량진로 151
34,공덕역,경의중앙선,환승역,37.542611,126.952134,한국철도공사,서울시 마포구 공덕동 마포대로 자하100
35,서강대역,경의중앙선,일반역,37.552132,126.935389,한국철도공사,서울시 마포구 서강로 지하118
36,홍대입구역,경의중앙선,환승역,37.55808,126.925533,한국철도공사,서울시 마포구 양화로 지하 188
37,가좌역,경의중앙선,환승역,37.568611,126.914841,한국철도공사,서울시 서대문구 수색로 27(남가좌동)
38,응봉역,경의중앙선,일반역,37.550433,127.034824,한국철도공사,서울시 성동구 고산자로 123(응봉동)
39,옥수역,경의중앙선,환승역,37.540514,127.018698,한국철도공사,서울시 성동구 동호로 지하21(옥수동)
40,왕십리역,경의중앙선,환승역,37.561128,127.035505,한국철도공사,서울시 성동구 왕십리 광장로 17(행당동)
41,서울숲역,분당선,일반역,37.543647,127.044686,한국철도공사,서울시 성동구 왕십리로 지하 77
42,영등포역,경부선,일반역,37.515756,126.907411,한국철도공사,서울시 영등포구 경인로 846(영등포동 1가 618-496)
43,대방역,경부선,일반역,37.513392,126.926407,한국철도공사,서울시 영등포구 여의대방로 300
44,신길역,경부선,환승역,37.517018,126.917743,한국철도공사,서울시 영등포구 영등포로 327
45,한남역,경의중앙선,일반역,37.529361,127.008984,한국철도공사,서울시 용산구 독서당로6길 12-13(한남동)
46,서빙고역,경의중앙선,일반역,37.51961,126.988358,한국철도공사,서울시 용산구 서빙고로 238(서빙고동 241-11)
47,효창공원앞역,경의중앙선,환승역,37.539289,126.961339,한국철도공사,서울시 용산구 용문동 5-133
48,이촌역,경의중앙선,환승역,37.522476,126.973816,한국철도공사,서울시 용산구 이촌로 71길 42
49,용산역,경부선,환승역,37.52989,126.964775,한국철도공사,서울시 용산구 한강대로 23길 55(한강로 3가 40-999)
50,서울역(경의선),경의중앙선,환승역,37.554713,126.970787,한국철도공사,서울시 용산구 한강대로 405
51,남영역,경부선,일반역,37.540597,126.971171,한국철도공사,서울시 용산구 한강대로 77길 25(갈월동)
52,디지털미디어시티역,경의중앙선,환승역,37.577964,126.900421,한국철도공사,서울시 은평구 수색로 193(수색동 37-2)
53,수색역,경의중앙선,일반역,37.580855,126.895681,한국철도공사,서울시 은평구 수색로 261-1
54,신내역,경춘선,일반역,37.612855,127.103277,한국철도공사,서울시 중랑구 망우동 320
55,상봉역,경의중앙선,환승역,37.595254,127.085853,한국철도공사,서울시 중랑구 망우로 297(상봉1동 100-9번지)
56,망우역,경의중앙선,환승역,37.599288,127.092318,한국철도공사,서울시 중랑구 망우로 55길 11-10
57,양원역,경의중앙선,일반역,37.60682732,127.1080465,한국철도공사,서울시 중랑구 송림길 147(망우동)
58,강남,서울 도시철도 2호선,일반역,37.49720244,127.0280537,서울교통공사,서울특별시 강남구 강남대로 지하 396 (역삼동)
59,수서,서울 도시철도 3호선,일반역,37.48716257,127.101553,서울교통공사,서울특별시 강남구 광평로 지하 270 (수서동)
60,매봉,서울 도시철도 3호선,일반역,37.48684644,127.0467037,서울교통공사,서울특별시 강남구 남부순환로 지하 2744 (도곡동)
61,도곡,서울 도시철도 3호선,일반역,37.49082524,127.0553484,서울교통공사,서울특별시 강남구 남부순환로 지하 2814 (도곡동)
62,대치,서울 도시철도 3호선,일반역,37.4942795,127.0632665,서울교통공사,서울특별시 강남구 남부순환로 지하 2952 (대치동)
63,학여울,서울 도시철도 3호선,일반역,37.49655351,127.0713676,서울교통공사,서울특별시 강남구 남부순환로 지하 3104 (대치동)
64,신사,서울 도시철도 3호선,일반역,37.51618776,127.0203269,서울교통공사,서울특별시 강남구 도산대로 지하 102 (신사동)
65,압구정,서울 도시철도 3호선,일반역,37.52668639,127.0283697,서울교통공사,서울특별시 강남구 압구정로 지하 172 (신사동)
66,일원,서울 도시철도 3호선,일반역,37.48382242,127.0843143,서울교통공사,서울특별시 강남구 일원로 지하 121 (일원동)
67,대청,서울 도시철도 3호선,일반역,37.49346096,127.079515,서울교통공사,서울특별시 강남구 일원로 지하 2 (일원동)
68,역삼,서울 도시철도 2호선,일반역,37.50054496,127.0363944,서울교통공사,서울특별시 강남구 테헤란로 지하 156 (역삼동)
69,선릉,서울 도시철도 2호선,일반역,37.50437895,127.0486966,서울교통공사,서울특별시 강남구 테헤란로 지하 340 (삼성동)
70,삼성,서울 도시철도 2호선,일반역,37.5086936,127.063165,서울교통공사,서울특별시 강남구 테헤란로 지하 538 (삼성동)
71,논현,서울 도시철도 7호선,일반역,37.51118691,127.0212831,서울교통공사,서울특별시 강남구 학동로 지하102(논현동)
72,학동,서울 도시철도 7호선,일반역,37.51428621,127.0317362,서울교통공사,서울특별시 강남구 학동로 지하180(논현동)
73,강남구청,서울 도시철도 7호선,일반역,37.51714842,127.0411628,서울교통공사,서울특별시 강남구 학동로 지하346 (삼성동)
74,청담,서울 도시철도 7호선,일반역,37.5195959,127.0537514,서울교통공사,서울특별시 강남구 학동로 지하508 (청담동)
75,고덕,서울 도시철도 5호선,일반역,37.55503473,127.1540785,서울교통공사,서울특별시 강동구 고덕로 지하253 (고덕동)
76,상일동,서울 도시철도 5호선,일반역,37.55658759,127.1652632,서울교통공사,서울특별시 강동구 고덕로 지하359 (상일동)
77,둔촌동,서울 도시철도 5호선,일반역,37.52774726,127.136296,서울교통공사,서울특별시 강동구 양재대로 지하1369 (둔촌동)
78,길동,서울 도시철도 5호선,일반역,37.53794494,127.1400433,서울교통공사,서울특별시 강동구 양재대로 지하1480 (길동)
79,굽은다리,서울 도시철도 5호선,일반역,37.54537927,127.1428116,서울교통공사,서울특별시 강동구 양재대로 지하1572 (명일동)
80,명일,서울 도시철도 5호선,일반역,37.55149734,127.1439883,서울교통공사,서울특별시 강동구 양재대로 지하1632 (명일동)
81,강동구청,서울 도시철도 8호선,일반역,37.53047081,127.1202691,서울교통공사,서울특별시 강동구 올림픽로 지하550 (성내동)
82,암사,서울 도시철도 8호선,일반역,37.54997529,127.1274183,서울교통공사,서울특별시 강동구 올림픽로 지하776 (암사동)
83,강동,서울 도시철도 5호선,일반역,37.53587886,127.132079,서울교통공사,서울특별시 강동구 천호대로 지하1097 (천호동)
84,천호,서울 도시철도 5호선,일반역,37.53842355,127.1236234,서울교통공사,서울특별시 강동구 천호대로 지하997 (천호동)
85,천호,서울 도시철도 8호선,일반역,37.53842355,127.1236234,서울교통공사,서울특별시 강동구 천호대로 지하997 (천호동)
86,미아,서울 도시철도 4호선,일반역,37.62657144,127.0258287,서울교통공사,서울특별시 강북구 도봉로 지하 198 (미아동)
87,수유,서울 도시철도 4호선,일반역,37.63796529,127.0254433,서울교통공사,서울특별시 강북구 도봉로 지하 50 (미아동)
88,미아사거리,서울 도시철도 4호선,일반역,37.61325241,127.0298981,서울교통공사,서울특별시 강북구 도봉로 지하 50 (미아동)
89,우장산,서울 도시철도 5호선,일반역,37.54886035,126.8363531,서울교통공사,서울특별시 강서구 강서로 지하262 (화곡동)
90,까치산,서울 도시철도 2호선,일반역,37.53168373,126.8467432,서울교통공사,서울특별시 강서구 강서로 지하54(화곡동)
91,까치산,서울 도시철도 5호선,일반역,37.53168373,126.8467432,서울교통공사,서울특별시 강서구 강서로 지하54(화곡동)
92,마곡,서울 도시철도 5호선,일반역,37.56025035,126.8248665,서울교통공사,서울특별시 강서구 공항대로 지하163 (가양동)
93,발산,서울 도시철도 5호선,일반역,37.55848385,126.837456,서울교통공사,서울특별시 강서구 공항대로 지하267 (가양동)
94,송정,서울 도시철도 5호선,일반역,37.56115795,126.811792,서울교통공사,서울특별시 강서구 공항대로 지하33 (공항동)
95,방화,서울 도시철도 5호선,일반역,37.57729066,126.8127115,서울교통공사,서울특별시 강서구 금낭화로 지하132 (방화동)
96,개화산,서울 도시철도 5호선,일반역,37.57231242,126.8062885,서울교통공사,서울특별시 강서구 양천로 22(방화동)
97,김포공항,서울 도시철도 5호선,일반역,37.5622601,126.8014703,서울교통공사,서울특별시 강서구 하늘길 지하77 (방화동)
98,김포공항역,김포골드라인,환승역,37.562518,126.801713,김포골드라인운영㈜,서울특별시 강서구 하늘길77
99,화곡,서울 도시철도 5호선,일반역,37.54175707,126.8402952,서울교통공사,서울특별시 강서구 화곡로 지하168 (화곡동)
100,신림,서울 도시철도 2호선,일반역,37.48420085,126.9295937,서울교통공사,서울특별시 관악구 남부순환로 지하 1614 (신림동)
101,봉천,서울 도시철도 2호선,일반역,37.48245978,126.9418478,서울교통공사,서울특별시 관악구 남부순환로 지하 1721 (봉천동)
102,서울대입구,서울 도시철도 2호선,일반역,37.48103059,126.9526269,서울교통공사,서울특별시 관악구 남부순환로 지하 1822 (봉천동)
103,낙성대,서울 도시철도 2호선,일반역,37.47692607,126.9636002,서울교통공사,서울특별시 관악구 남부순환로 지하 1928 (봉천동)
104,강변,서울 도시철도 2호선,일반역,37.53487706,127.0946944,서울교통공사,서울특별시 광진구 강변역로 53 (구의동)
105,뚝섬유원지,서울 도시철도 7호선,일반역,37.53125616,127.0666673,서울교통공사,서울특별시 광진구 능동로 10 (자양동)
106,어린이대공원,서울 도시철도 7호선,일반역,37.54780394,127.0745637,서울교통공사,서울특별시 광진구 능동로 지하210(화양동)
107,중곡,서울 도시철도 7호선,일반역,37.56568111,127.0841504,서울교통공사,서울특별시 광진구 능동로 지하417 (중곡동)
108,건대입구,서울 도시철도 7호선,일반역,37.54060889,127.0698628,서울교통공사,서울특별시 광진구 능동로110(화양동6-3)
109,건대입구,서울 도시철도 2호선,일반역,37.54060889,127.0700628,서울교통공사,서울특별시 광진구 아차산로 243 (화양동)
110,구의,서울 도시철도 2호선,일반역,37.53691864,127.0857297,서울교통공사,서울특별시 광진구 아차산로 384-1 (구의동)
111,광나루,서울 도시철도 5호선,일반역,37.5450481,127.1035121,서울교통공사,서울특별시 광진구 아차산로 지하571 (광장동)
112,군자,서울 도시철도 5호선,일반역,37.55713392,127.079433,서울교통공사,서울특별시 광진구 천호대로 지하550
113,군자,서울 도시철도 7호선,일반역,37.55713392,127.079433,서울교통공사,서울특별시 광진구 천호대로 지하550
114,아차산,서울 도시철도 5호선,일반역,37.55203633,127.0896015,서울교통공사,서울특별시 광진구 천호대로 지하657
115,도림천,서울 도시철도 2호선,일반역,37.51420522,126.8827022,서울교통공사,서울특별시 구로구 경인로 67길 160 (신도림동)
116,온수,서울 도시철도 7호선,일반역,37.49215924,126.8237047,서울교통공사,서울특별시 구로구 경인로3길 지하64 (온수동)
117,남구로,서울 도시철도 7호선,일반역,37.48613283,126.8873355,서울교통공사,서울특별시 구로구 도림로 지하7(구로동)
118,구로디지털단지,서울 도시철도 2호선,일반역,37.48516215,126.9014847,서울교통공사,서울특별시 구로구 도림천로 477 (구로동)
119,신도림,서울 도시철도 2호선,일반역,37.50874994,126.8912511,서울교통공사,서울특별시 구로구 새말로 지하 117-21 (신도림동)
120,천왕,서울 도시철도 7호선,일반역,37.48661459,126.8386245,서울교통공사,서울특별시 구로구 오리로 지하1154(오류동)
121,가산디지털단지,서울 도시철도 7호선,일반역,37.48121776,126.8825816,서울교통공사,서울특별시 금천구 벚꽃로 309 (가산동)
122,공릉,서울 도시철도 7호선,일반역,37.62551321,127.0728236,서울교통공사,서울특별시 노원구 동일로 지하1074
123,하계,서울 도시철도 7호선,일반역,37.63642687,127.0678149,서울교통공사,서울특별시 노원구 동일로 지하1196(하계동)
124,중계,서울 도시철도 7호선,일반역,37.64521691,127.0640831,서울교통공사,서울특별시 노원구 동일로 지하1308-1 (중계동)
125,마들,서울 도시철도 7호선,일반역,37.66516233,127.0573337,서울교통공사,서울특별시 노원구 동일로 지하1530-1 (상계동)
126,수락산,서울 도시철도 7호선,일반역,37.67791554,127.0552343,서울교통공사,서울특별시 노원구 동일로 지하1662 (상계동)
127,태릉입구,서울 도시철도 6호선,일반역,37.61796533,127.0748937,서울교통공사,서울특별시 노원구 동일로 지하992-1 (공릉동)
128,태릉입구,서울 도시철도 7호선,일반역,37.61816533,127.0746937,서울교통공사,서울특별시 노원구 동일로 지하992-1 (공릉동)
129,상계,서울 도시철도 4호선,일반역,37.66090497,127.0731287,서울교통공사,서울특별시 노원구 상계로 182 (상계동)
130,당고개,서울 도시철도 4호선,일반역,37.67032572,127.0789555,서울교통공사,서울특별시 노원구 상계로 305 (상계동)
131,노원,서울 도시철도 4호선,일반역,37.6551493,127.0624948,서울교통공사,서울특별시 노원구 상계로 69-1 (상계동)
132,노원,서울 도시철도 7호선,일반역,37.65496036,127.0620053,서울교통공사,서울특별시 노원구 상계로 69-1 (상계동)
133,석계,서울 도시철도 6호선,일반역,37.61498323,127.0655612,서울교통공사,서울특별시 노원구 화랑로 지하347-1 (월계동)
134,화랑대,서울 도시철도 6호선,일반역,37.62013061,127.0844264,서울교통공사,서울특별시 노원구 화랑로 지하510
135,도봉산,서울 도시철도 7호선,일반역,37.68923188,127.0461005,서울교통공사,서울특별시 도봉구 도봉로 964-40 (도봉동)
136,쌍문,서울 도시철도 4호선,일반역,37.64853159,127.0345002,서울교통공사,서울특별시 도봉구 도봉로 지하 486-1 (창동)
137,창동,서울 도시철도 4호선,일반역,37.65312232,127.0476886,서울교통공사,서울특별시 도봉구 마들로 11길 77 (창동)
138,신설동,서울 도시철도 1호선,일반역,37.57528723,127.0249104,서울교통공사,서울특별시 동대문구 왕산로 지하 1 (신설동)
139,신설동,서울 도시철도 2호선,일반역,37.57519632,127.0248584,서울교통공사,서울특별시 동대문구 왕산로 지하 1 (신설동)
140,청량리,서울 도시철도 1호선,일반역,37.5801441,127.0457768,서울교통공사,서울특별시 동대문구 왕산로 지하 205(전농동)
141,제기동,서울 도시철도 1호선,일반역,37.57812027,127.0344966,서울교통공사,서울특별시 동대문구 왕산로 지하 93 (제기동)
142,용두,서울 도시철도 2호선,일반역,37.57389197,127.0379098,서울교통공사,서울특별시 동대문구 천호대로 지하 129
143,장한평,서울 도시철도 5호선,일반역,37.56153057,127.0642826,서울교통공사,서울특별시 동대문구 천호대로 지하405 (장안동)
144,사당,서울 도시철도 2호선,일반역,37.4767992,126.9816245,서울교통공사,서울특별시 동작구 남부순환로 지하 2089 (사당동)
145,신대방,서울 도시철도 2호선,일반역,37.48741288,126.9135942,서울교통공사,서울특별시 동작구 대림로 2 (신대방동)
146,사당,서울 도시철도 4호선,일반역,37.4767992,126.9814245,서울교통공사,"서울특별시 동작구 동작대로 3(사당동,사당역(4호선))"
147,총신대입구,서울 도시철도 4호선,일반역,37.48678247,126.981945,서울교통공사,서울특별시 동작구 동작대로 지하 117 (사당동)
148,남성,서울 도시철도 7호선,일반역,37.48453469,126.9712351,서울교통공사,서울특별시 동작구 사당로 지하218 (사당동)
149,이수,서울 도시철도 7호선,일반역,37.48658247,126.981745,서울교통공사,서울특별시 동작구 사당로 지하310 (사당동)
150,숭실대입구,서울 도시철도 7호선,일반역,37.4961804,126.9534722,서울교통공사,서울특별시 동작구 상도로 지하 378
151,장승배기,서울 도시철도 7호선,일반역,37.50482108,126.9388623,서울교통공사,서울특별시 동작구 상도로 지하188(상도동)
152,보라매,서울 도시철도 7호선,일반역,37.49989004,126.9203052,서울교통공사,서울특별시 동작구 상도로 지하2(대방동)
153,상도,서울 도시철도 7호선,일반역,37.50285237,126.9477417,서울교통공사,서울특별시 동작구 상도로 지하272(상도1동)
154,신대방삼거리,서울 도시철도 7호선,일반역,37.49968797,126.9280519,서울교통공사,서울특별시 동작구 상도로 지하76 (대방동)
155,동작,서울 도시철도 4호선,일반역,37.50300413,126.9790224,서울교통공사,서울특별시 동작구 현충로 257 (동작동)
156,대흥,서울 도시철도 6호선,일반역,37.54766489,126.9422206,서울교통공사,서울특별시 마포구 대흥로 지하 85
157,광흥창,서울 도시철도 6호선,일반역,37.54746977,126.9318177,서울교통공사,서울특별시 마포구 독막로 지하 165
158,상수,서울 도시철도 6호선,일반역,37.54776978,126.9225838,서울교통공사,서울특별시 마포구 독막로 지하85 (상수동)
159,공덕,서울 도시철도 5호선,일반역,37.54412449,126.9513584,서울교통공사,서울특별시 마포구 마포대로 지하100(공덕동)
160,애오개,서울 도시철도 5호선,일반역,37.5535295,126.9566133,서울교통공사,서울특별시 마포구 마포대로 지하210 (아현동)
161,마포,서울 도시철도 5호선,일반역,37.53956668,126.9457536,서울교통공사,서울특별시 마포구 마포대로 지하33 (도화동)
162,공덕,서울 도시철도 6호선,일반역,37.54354807,126.9518977,서울교통공사,서울특별시 마포구 백범로 지하 200(공덕동)
163,이대,서울 도시철도 2호선,일반역,37.55672128,126.945801,서울교통공사,서울특별시 마포구 신촌로 지하 180 (염리동)
164,아현,서울 도시철도 2호선,일반역,37.55721977,126.9561295,서울교통공사,서울특별시 마포구 신촌로 지하 270 (아현동)
165,신촌,서울 도시철도 2호선,일반역,37.55544179,126.9368826,서울교통공사,서울특별시 마포구 신촌로 지하 90 (노고산동)
166,합정,서울 도시철도 6호선,일반역,37.54979888,126.9141239,서울교통공사,서울특별시 마포구 양화로 지하 45
167,합정,서울 도시철도 2호선,일반역,37.54959888,126.9141239,서울교통공사,서울특별시 마포구 양화로 지하 55 (서교동)
168,홍대입구,서울 도시철도 2호선,일반역,37.55701523,126.9249829,서울교통공사,서울특별시 마포구 양화로 지하160 (동교동)
169,마포구청,서울 도시철도 6호선,일반역,37.56350657,126.9031935,서울교통공사,서울특별시 마포구 월드컵로 지하190 (성산동)
170,월드컵경기장,서울 도시철도 6호선,일반역,37.56938269,126.8990612,서울교통공사,서울특별시 마포구 월드컵로 지하240 (성산동)
171,망원,서울 도시철도 6호선,일반역,37.55594386,126.9098166,서울교통공사,서울특별시 마포구 월드컵로 지하77 (망원동)
172,신촌역,경의중앙선,일반역,37.559768,126.942308,한국철도공사,서울특별시 서대문구 대현동 74-12
173,충정로,서울 도시철도 2호선,일반역,37.56022847,126.9634503,서울교통공사,서울특별시 서대문구 서소문로 지하 17 (충정로3가)
174,충정로,서울 도시철도 5호선,일반역,37.56022847,126.9636503,서울교통공사,서울특별시 서대문구 충정로 28-1
175,독립문,서울 도시철도 3호선,일반역,37.57448506,126.9578508,서울교통공사,서울특별시 서대문구 통일로 지하 247 (현저동)
176,무악재,서울 도시철도 3호선,일반역,37.58211864,126.9501814,서울교통공사,서울특별시 서대문구 통일로 지하 361 (홍제동)
177,홍제,서울 도시철도 3호선,일반역,37.58852355,126.944165,서울교통공사,서울특별시 서대문구 통일로 지하 440-1 (홍제동)
178,남태령,서울 도시철도 4호선,일반역,37.46424858,126.9888363,서울교통공사,서울특별시 서초구 과천대로 지하 816 (방배동)
179,양재,서울 도시철도 3호선,일반역,37.48381174,127.0345768,서울교통공사,서울특별시 서초구 남부순환로 지하 2585 (서초동)
180,방배,서울 도시철도 2호선,일반역,37.48130245,126.997636,서울교통공사,서울특별시 서초구 방배로 지하 80 (방배동)
181,서초,서울 도시철도 2호선,일반역,37.49178284,127.0075972,서울교통공사,서울특별시 서초구 서초대로 지하 233 (서초동)
182,교대,서울 도시철도 2호선,일반역,37.49320061,127.0142237,서울교통공사,서울특별시 서초구 서초대로 지하 294 (서초동)
183,교대,서울 도시철도 3호선,일반역,37.49320061,127.0140237,서울교통공사,서울특별시 서초구 서초대로 지하 294 (서초동)
184,내방,서울 도시철도 7호선,일반역,37.4875118,126.9932223,서울교통공사,서울특별시 서초구 서초대로 지하103 (방배동)
185,남부터미널,서울 도시철도 3호선,일반역,37.48482472,127.0161898,서울교통공사,서울특별시 서초구 서초중앙로 지하 31 (서초동)
186,고속터미널,서울 도시철도 3호선,일반역,37.50436623,127.0049403,서울교통공사,서울특별시 서초구 신반포로 지하 188 (반포동)
187,고속터미널,서울 도시철도 7호선,일반역,37.50436623,127.0045403,서울교통공사,서울특별시 서초구 신반포로 지하 188 (반포동)
188,반포,서울 도시철도 7호선,일반역,37.50820769,127.011497,서울교통공사,서울특별시 서초구 신반포로 지하241(잠원동)
189,잠원,서울 도시철도 3호선,일반역,37.51282982,127.0112442,서울교통공사,서울특별시 서초구 잠원로 4길 지하 46 (잠원동)
190,신금호,서울 도시철도 5호선,일반역,37.55440938,127.0205515,서울교통공사,서울특별시 성동구 금호로 지하154 (금호동2가)
191,옥수,서울 도시철도 3호선,일반역,37.5414877,127.0177608,서울교통공사,서울특별시 성동구 동호로 21 (옥수동) 옥수역
192,금호,서울 도시철도 3호선,일반역,37.54800401,127.0156615,서울교통공사,서울특별시 성동구 동호로 지하 104 (금호동4가)
193,마장,서울 도시철도 5호선,일반역,37.56620675,127.0429769,서울교통공사,서울특별시 성동구 마장로 지하296 (마장동)
194,성수,서울 도시철도 2호선,일반역,37.5444338,127.0559893,서울교통공사,서울특별시 성동구 아차산로 100 (성수동2가)
195,뚝섬,서울 도시철도 2호선,일반역,37.54712239,127.0473648,서울교통공사,서울특별시 성동구 아차산로 18 (성수동1가)
196,한양대,서울 도시철도 2호선,일반역,37.55522179,127.0434917,서울교통공사,서울특별시 성동구 왕십리로 206 (행당동)
197,상왕십리,서울 도시철도 2호선,일반역,37.56417104,127.0293524,서울교통공사,서울특별시 성동구 왕십리로 지하 374 (하왕십리동)
198,왕십리,서울 도시철도 5호선,일반역,37.56172516,127.0369076,서울교통공사,서울특별시 성동구 왕십리로 지하300 (행당동)
199,왕십리,서울 도시철도 2호선,환승역,37.56152516,127.0375076,서울교통공사,서울특별시 성동구 왕십리로 지하300(행당동)
200,용답,서울 도시철도 2호선,일반역,37.56183232,127.050871,서울교통공사,서울특별시 성동구 용답길 86 (용답동)
201,신답,서울 도시철도 2호선,일반역,37.56961893,127.0468598,서울교통공사,서울특별시 성동구 천호대로 232 (용답동)
202,답십리,서울 도시철도 5호선,일반역,37.56690598,127.0524701,서울교통공사,서울특별시 성동구 천호대로 지하300(용답동)
203,행당,서울 도시철도 5호선,일반역,37.55754312,127.0296931,서울교통공사,서울특별시 성동구 행당로 지하89 (행당동)
204,안암,서울 도시철도 6호선,일반역,37.58623045,127.0292203,서울교통공사,서울특별시 성북구 고려대로 지하89 (안암동5가)
205,성신여대입구,서울 도시철도 4호선,일반역,37.5927377,127.0163071,서울교통공사,서울특별시 성북구 동소문로 지하 102 (동선동4가)
206,길음,서울 도시철도 4호선,일반역,37.6035085,127.0249611,서울교통공사,서울특별시 성북구 동소문로 지하 248 (길음동)
207,보문,서울 도시철도 6호선,일반역,37.58543035,127.0192192,서울교통공사,서울특별시 성북구 보문로 지하116 (보문동1가)
208,한성대입구,서울 도시철도 4호선,일반역,37.58838493,127.0059994,서울교통공사,서울특별시 성북구 삼선교로 지하1 (삼선동1가)
209,월곡,서울 도시철도 6호선,일반역,37.6020753,127.0414221,서울교통공사,서울특별시 성북구 월곡로 지하107 (하월곡동)
210,고려대,서울 도시철도 6호선,일반역,37.59033908,127.0358642,서울교통공사,서울특별시 성북구 종암로 지하1 (종암동)
211,상월곡,서울 도시철도 6호선,일반역,37.60632242,127.0485887,서울교통공사,서울특별시 성북구 화랑로 지하157 (상월곡동)
212,돌곶이,서울 도시철도 6호선,일반역,37.61052771,127.0564482,서울교통공사,서울특별시 성북구 화랑로 지하243 (석관동)
213,마천,서울 도시철도 5호선,일반역,37.49495884,127.152476,서울교통공사,서울특별시 송파구 마천로57길 지하7(마천동)
214,가락시장,서울 도시철도 3호선,일반역,37.49276539,127.1178996,서울교통공사,서울특별시 송파구 송파대로 지하 257 (가락동)
215,가락시장,서울 도시철도 8호선,일반역,37.49292332,127.1180741,서울교통공사,서울특별시 송파구 송파대로 지하 257 (가락동)
216,문정,서울 도시철도 8호선,일반역,37.4859849,127.1222272,서울교통공사,서울특별시 송파구 송파대로 지하179 (문정동)
217,송파,서울 도시철도 8호선,일반역,37.4997227,127.1118647,서울교통공사,서울특별시 송파구 송파대로 지하354 (가락동)
218,석촌,서울 도시철도 8호선,일반역,37.50535113,127.1069303,서울교통공사,서울특별시 송파구 송파대로 지하439(석촌동)
219,복정,서울 도시철도 8호선,일반역,37.47008981,127.1264714,서울교통공사,서울특별시 송파구 송파대로 지하6 (장지동)
220,장지,서울 도시철도 8호선,일반역,37.47839756,127.1260529,서울교통공사,서울특별시 송파구 송파대로 지하82(장지동)
221,방이,서울 도시철도 5호선,일반역,37.50865738,127.1260716,서울교통공사,서울특별시 송파구 양재대로 지하1127 (방이동)
222,올림픽공원,서울 도시철도 5호선,일반역,37.51620079,127.1308803,서울교통공사,서울특별시 송파구 양재대로 지하1233
223,잠실나루,서울 도시철도 2호선,일반역,37.52054808,127.1036977,서울교통공사,서울특별시 송파구 오금로 20 (신천동)
224,오금,서울 도시철도 3호선,일반역,37.50216539,127.1278996,서울교통공사,서울특별시 송파구 오금로 지하 321 (오금동)
225,오금,서울 도시철도 5호선,일반역,37.50196105,127.1277379,서울교통공사,서울특별시 송파구 오금로 지하 321 (오금동)
226,개롱,서울 도시철도 5호선,일반역,37.49782678,127.1348328,서울교통공사,서울특별시 송파구 오금로 지하402 (가락동)
227,거여,서울 도시철도 5호선,일반역,37.49316744,127.1436672,서울교통공사,서울특별시 송파구 오금로 지하499(거여동)
228,잠실새내,서울 도시철도 2호선,일반역,37.51141143,127.0860068,서울교통공사,서울특별시 송파구 올림픽로 지하 140 (잠실동)
229,종합운동장,서울 도시철도 2호선,일반역,37.51106095,127.073542,서울교통공사,서울특별시 송파구 올림픽로 지하 23 (잠실동)
230,잠실,서울 도시철도 2호선,일반역,37.51376934,127.1021882,서울교통공사,서울특별시 송파구 올림픽로 지하 265 (잠실동)
231,잠실,서울 도시철도 8호선,일반역,37.51386481,127.1024965,서울교통공사,서울특별시 송파구 올림픽로 지하 265 (잠실동)
232,몽촌토성,서울 도시철도 8호선,일반역,37.51742473,127.1123921,서울교통공사,서울특별시 송파구 올림픽로 지하383
233,경찰병원,서울 도시철도 3호선,일반역,37.49576539,127.1242996,서울교통공사,서울특별시 송파구 중대로 지하 149 (가락동)
234,양천구청,서울 도시철도 2호선,일반역,37.51205148,126.8656075,서울교통공사,서울특별시 양천구 목동로3길 지하 33(신정동)
235,신정,서울 도시철도 5호선,일반역,37.52501081,126.8562294,서울교통공사,서울특별시 양천구 오목로 지하179 (신정동)
236,목동,서울 도시철도 5호선,일반역,37.52586671,126.8645757,서울교통공사,서울특별시 양천구 오목로 지하245 (목동)
237,오목교,서울 도시철도 5호선,일반역,37.52436614,126.8750582,서울교통공사,서울특별시 양천구 오목로 지하342 (목동)
238,신정네거리,서울 도시철도 2호선,일반역,37.51999688,126.8528986,서울교통공사,서울특별시 양천구 중앙로 지하 261 (신정동)
239,신길,서울 도시철도 5호선,일반역,37.51742655,126.916543,서울교통공사,서울특별시 영등포구 경인로114가길 지하9 (영등포동1가)
240,당산,서울 도시철도 2호선,일반역,37.53425753,126.9024241,서울교통공사,서울특별시 영등포구 당산로 229 (당산동 6가)
241,영등포구청,서울 도시철도 2호선,일반역,37.52524847,126.8958333,서울교통공사,서울특별시 영등포구 당산로 지하 121 (당산동3가)
242,영등포구청,서울 도시철도 5호선,일반역,37.52524847,126.8958333,서울교통공사,서울특별시 영등포구 당산로 지하 121 (당산동3가)
243,문래,서울 도시철도 2호선,일반역,37.51779736,126.8945439,서울교통공사,서울특별시 영등포구 당산로 지하 28 (문래동3가)
244,대림,서울 도시철도 7호선,일반역,37.49307207,126.8959105,서울교통공사,서울특별시 영등포구 도림로 지하137
245,신풍,서울 도시철도 7호선,일반역,37.50008919,126.9098598,서울교통공사,서울특별시 영등포구 신풍로 지하27(신길동)
246,영등포시장,서울 도시철도 5호선,일반역,37.52274531,126.9047596,서울교통공사,서울특별시 영등포구 양산로 지하200 (영등포동5가)
247,양평,서울 도시철도 5호선,일반역,37.52558457,126.8862032,서울교통공사,서울특별시 영등포구 양산로 지하21(양평동2가)
248,여의도,서울 도시철도 5호선,일반역,37.52165166,126.9242291,서울교통공사,서울특별시 영등포구 여의나루로 지하40 (여의도동)
249,여의나루,서울 도시철도 5호선,일반역,37.52707204,126.9328665,서울교통공사,서울특별시 영등포구 여의동로 지하343 (여의도동)
250,녹사평,서울 도시철도 6호선,일반역,37.53464201,126.9867518,서울교통공사,서울특별시 용산구 녹사평대로 지하195 (용산동4가)
251,효창공원앞,서울 도시철도 6호선,일반역,37.53933404,126.961371,서울교통공사,서울특별시 용산구 백범로 지하287 (효창동)
252,이촌,서울 도시철도 4호선,일반역,37.52234094,126.9741382,서울교통공사,서울특별시 용산구 용산동5가 17
253,이태원,서울 도시철도 6호선,일반역,37.53449861,126.994038,서울교통공사,서울특별시 용산구 이태원로 지하177(이태원동)
254,한강진,서울 도시철도 6호선,일반역,37.53974445,127.0014826,서울교통공사,서울특별시 용산구 이태원로 지하287 (한남동)
255,신용산,서울 도시철도 4호선,일반역,37.5292129,126.9677003,서울교통공사,서울특별시 용산구 한강대로 지하 112 (한강로2가)
256,삼각지,서울 도시철도 4호선,일반역,37.53475857,126.9734308,서울교통공사,서울특별시 용산구 한강대로 지하 180 (한강로1가)
257,삼각지,서울 도시철도 6호선,일반역,37.53471155,126.9733777,서울교통공사,서울특별시 용산구 한강대로 지하 180 (한강로1가)
258,숙대입구,서울 도시철도 4호선,일반역,37.54467788,126.9719943,서울교통공사,서울특별시 용산구 한강대로 지하 306
259,서울역,서울 도시철도 4호선,일반역,37.55356539,126.9724996,서울교통공사,서울특별시 용산구 한강대로 지하 392(동자동)
260,독바위,서울 도시철도 6호선,일반역,37.61844071,126.9329961,서울교통공사,서울특별시 은평구 불광로 지하129-1 (불광동)
261,역촌,서울 도시철도 6호선,일반역,37.60625985,126.9227732,서울교통공사,서울특별시 은평구 서오릉로 지하63 (녹번동)
262,디지털미디어시티,서울 도시철도 6호선,일반역,37.57663026,126.8996845,서울교통공사,서울특별시 은평구 수색로 지하175 (증산동)
263,구산,서울 도시철도 6호선,일반역,37.61125852,126.9171923,서울교통공사,서울특별시 은평구 연서로 지하137-1(구산동)
264,증산,서울 도시철도 6호선,일반역,37.58375597,126.9094115,서울교통공사,서울특별시 은평구 증산로 지하306(증산동)
265,새절,서울 도시철도 6호선,일반역,37.59099413,126.9136601,서울교통공사,서울특별시 은평구 증산로 지하400 (신사동
266,응암,서울 도시철도 6호선,일반역,37.59853005,126.9155088,서울교통공사,서울특별시 은평구 증산로 지하477 (역촌동)
267,구파발,서울 도시철도 3호선,일반역,37.63664912,126.9187832,서울교통공사,서울특별시 은평구 진관2로 지하 15-25 (진관동)
268,녹번,서울 도시철도 3호선,일반역,37.60085525,126.935753,서울교통공사,서울특별시 은평구 통일로 지하 602-1 (녹번동)
269,불광,서울 도시철도 6호선,일반역,37.61033354,126.9298281,서울교통공사,서울특별시 은평구 통일로 지하 723-1 (대조동)
270,불광,서울 도시철도 3호선,일반역,37.61013354,126.9296281,서울교통공사,"서울특별시 은평구 통일로 지하 723-1 (대조동, 3호선 불광역)"
271,연신내,서울 도시철도 3호선,일반역,37.61881292,126.9208158,서울교통공사,서울특별시 은평구 통일로 지하 849 (갈현동)
272,연신내,서울 도시철도 6호선,일반역,37.61881292,126.9206158,서울교통공사,서울특별시 은평구 통일로 지하 849 (갈현동)
273,혜화,서울 도시철도 4호선,일반역,37.58228892,127.0016857,서울교통공사,서울특별시 종로구 대학로 지하 120 (동숭동)
274,경복궁,서울 도시철도 3호선,일반역,37.57560542,126.9734832,서울교통공사,서울특별시 종로구 사직로 지하 130 (적선동)
275,광화문,서울 도시철도 5호선,일반역,37.5708165,126.9762129,서울교통공사,서울특별시 종로구 세종대로 지하172 (세종로)
276,동대문,서울 도시철도 4호선,일반역,37.57089132,127.0101189,서울교통공사,서울특별시 종로구 율곡로 308
277,안국,서울 도시철도 3호선,일반역,37.57666379,126.9854787,서울교통공사,서울특별시 종로구 율곡로 지하 62 (안국동)
278,동묘앞,서울 도시철도 1호선,일반역,37.57253741,127.0155932,서울교통공사,서울특별시 종로구 종로 359 (숭인동)
279,동묘앞,서울 도시철도 6호선,일반역,37.57226031,127.0158732,서울교통공사,서울특별시 종로구 종로 359 (숭인동)
280,종로3가,서울 도시철도 1호선,일반역,37.57139366,126.9914115,서울교통공사,서울특별시 종로구 종로 지하 129 (종로3가)
281,종로3가,서울 도시철도 3호선,일반역,37.57139366,126.9914115,서울교통공사,서울특별시 종로구 종로 지하 129 (종로3가)
282,종로3가,서울 도시철도 5호선,일반역,37.57139366,126.9912115,서울교통공사,서울특별시 종로구 종로 지하 129 (종로3가)
283,종로5가,서울 도시철도 1호선,일반역,37.57100685,127.001799,서울교통공사,서울특별시 종로구 종로 지하 216  (종로5가)
284,동대문,서울 도시철도 1호선,일반역,37.57129132,127.0101189,서울교통공사,서울특별시 종로구 종로 지하 302 (창신동)
285,종각,서울 도시철도 1호선,일반역,37.57020349,126.9829483,서울교통공사,서울특별시 종로구 종로 지하 55 (종로1가)
286,창신,서울 도시철도 6호선,일반역,37.57934562,127.0151078,서울교통공사,서울특별시 종로구 지봉로 지하112 (창신동)
287,서대문,서울 도시철도 5호선,일반역,37.56573781,126.9665864,서울교통공사,서울특별시 종로구 통일로 지하126 (평동)
288,약수,서울 도시철도 3호선,일반역,37.5544519,127.0104682,서울교통공사,서울특별시 중구 다산로 지하 122 (신당동)
289,약수,서울 도시철도 6호선,일반역,37.5542519,127.0104682,서울교통공사,서울특별시 중구 다산로 지하 155 (신당동)
290,버티고개,서울 도시철도 6호선,일반역,37.54806951,127.0066086,서울교통공사,서울특별시 중구 다산로 지하38 (신당동)
291,동대입구,서울 도시철도 3호선,일반역,37.55883276,127.0052813,서울교통공사,서울특별시 중구 동호로 지하 256 (장충동2가)
292,시청,서울 도시철도 1호선,일반역,37.56471664,126.9767513,서울교통공사,서울특별시 중구 세종대로 지하 101 (정동)
293,시청,서울 도시철도 2호선,환승역,37.56461852,126.9760864,서울교통공사,서울특별시 중구 세종대로 지하 101 (정동)
294,서울역,서울 도시철도 1호선,일반역,37.55575305,126.9724563,서울교통공사,서울특별시 중구 세종대로 지하 2 (남대문로 5가)
295,을지로3가,서울 도시철도 2호선,일반역,37.56634826,126.9903084,서울교통공사,서울특별시 중구 을지로 지하 106 (을지로3가)
296,을지로3가,서울 도시철도 3호선,일반역,37.56634826,126.99265,서울교통공사,서울특별시 중구 을지로 지하 106 (을지로3가)
297,을지로4가,서울 도시철도 2호선,일반역,37.56682797,126.9979016,서울교통공사,서울특별시 중구 을지로 지하 178 (을지로4가)
298,을지로4가,서울 도시철도 5호선,일반역,37.56702797,126.9979016,서울교통공사,서울특별시 중구 을지로 지하 178 (을지로4가)
299,동대문역사문화공원,서울 도시철도 2호선,일반역,37.56500251,127.007394,서울교통공사,서울특별시 중구 을지로 지하 279 (을지로7가)
300,동대문역사문화공원,서울 도시철도 5호선,일반역,37.56507829,127.0071679,서울교통공사,서울특별시 중구 을지로 지하 279 (을지로7가)
301,을지로입구,서울 도시철도 2호선,일반역,37.56597747,126.9825045,서울교통공사,서울특별시 중구 을지로 지하 42 (을지로1가)
302,동대문역사문화공원,서울 도시철도 4호선,일반역,37.56507829,127.0071679,서울교통공사,서울특별시 중구 장충단로 지하 230 (광희동 2가)
303,청구,서울 도시철도 5호선,일반역,37.56021257,127.0137698,서울교통공사,서울특별시 중구 청구로 지하77(신당동)
304,청구,서울 도시철도 6호선,일반역,37.56021257,127.0135698,서울교통공사,서울특별시 중구 청구로 지하77(신당동)
305,명동,서울 도시철도 4호선,일반역,37.56075073,126.9862482,서울교통공사,서울특별시 중구 퇴계로 지하 126 (충무로2가)
306,충무로,서울 도시철도 3호선,일반역,37.56140209,126.9943556,서울교통공사,서울특별시 중구 퇴계로 지하 199 (필동2가)
307,충무로,서울 도시철도 4호선,일반역,37.56120209,126.9943556,서울교통공사,서울특별시 중구 퇴계로 지하 199 (필동2가)
308,신당,서울 도시철도 2호선,일반역,37.56582912,127.0181023,서울교통공사,서울특별시 중구 퇴계로 지하 431-1 (신당동)
309,신당,서울 도시철도 6호선,일반역,37.56582912,127.0181023,서울교통공사,서울특별시 중구 퇴계로 지하 431-1 (신당동)
310,회현,서울 도시철도 4호선,일반역,37.55851662,126.9781303,서울교통공사,서울특별시 중구 퇴계로 지하 54 (남창동)
311,중화,서울 도시철도 7호선,일반역,37.60251645,127.079253,서울교통공사,서울특별시 중랑구 동일로 지하797 (중화동)
312,먹골,서울 도시철도 7호선,일반역,37.61073429,127.0775891,서울교통공사,서울특별시 중랑구 동일로 지하901 (묵동)
313,상봉,서울 도시철도 7호선,일반역,37.59608092,127.0853862,서울교통공사,서울특별시 중랑구 망우로 지하 297
314,면목,서울 도시철도 7호선,일반역,37.58852412,127.0874251,서울교통공사,"서울특별시 중랑구 면목로 지하407(면목동,면목역)"
315,사가정,서울 도시철도 7호선,일반역,37.58101455,127.0884688,서울교통공사,서울특별시 중랑구 사가정로 지하393 (면목동)
316,봉화산,서울 도시철도 6호선,일반역,37.61747193,127.0910857,서울교통공사,서울특별시 중랑구 신내로 지하232 (신내동)
317,용마산,서울 도시철도 7호선,일반역,37.5736549,127.0865586,서울교통공사,서울특별시 중랑구 용마산로 지하227(면목동)
318,신내,서울 도시철도 6호선,일반역,37.61264135,127.103395,서울교통공사,서울특별시 중랑구 용마산로136길 33
319,중랑역,경의중앙선,환승역,37.594948,127.076152,한국철도공사,서울특별시 중랑구 중화동 321-37
